[
  {
    "name": "Crazed Magician",
    "hp": 19,
    "mp": 2,
    "level": [
      7,
      11
    ],
    "stats": {
      "attack": [
        4,
        7
      ],
      "armor": 4
    },
    "gold": 22,
    "xp": 12,
    "items": [
      {
        "name": "Scroll of Lesser Dark Magic",
        "chance": 75,
        "quantity": [
          1,
          2
        ]
      }
    ],
    "attackSound": "use",
    "attackVerb": "casts dark magic on"
  },
  {
    "name": "Crazed Man",
    "hp": 10,
    "mp": 5,
    "level": [
      4,
      7
    ],
    "stats": {
      "attack": [
        4,
        6
      ],
      "armor": 2
    },
    "gold": 9,
    "xp": 5,
    "items": [
      {
        "name": "Old Parchment",
        "chance": 90,
        "quantity": 1
      }
    ],
    "attackSound": "slice",
    "attackVerb": "slashes"
  },
  {
    "name": "Gray Wolf",
    "hp": 16,
    "mp": 12,
    "level": [
      5,
      9
    ],
    "stats": {
      "attack": [
        5,
        8
      ],
      "armor": 3
    },
    "gold": 14,
    "xp": 9,
    "items": [
      {
        "name": "Wolf Pelt",
        "chance": 25,
        "quantity": [
          1,
          2
        ]
      }
    ],
    "attackSound": "slice",
    "attackVerb": "slashes"
  },
  {
    "name": "Green Slime",
    "hp": 7,
    "mp": 4,
    "level": [
      2,
      6
    ],
    "stats": {
      "armor": 1,
      "attack": [
        2,
        4
      ]
    },
    "gold": 8,
    "xp": 3,
    "items": [
      {
        "name": "Congealed Green Slime",
        "chance": 50,
        "quantity": [
          1,
          3
        ]
      }
    ],
    "attackSound": "slice",
    "attackVerb": "tackles"
  },
  {
    "name": "Lesser Forest Spirit",
    "hp": 9,
    "mp": 12,
    "level": [
      3,
      7
    ],
    "stats": {
      "attack": [
        3,
        5
      ],
      "armor": 2
    },
    "gold": 10,
    "xp": 4,
    "items": [
      {
        "name": "Razor Leaf",
        "chance": 50,
        "quantity": [
          2,
          5
        ]
      }
    ],
    "attackSound": "slice",
    "attackVerb": "attacks"
  },
  {
    "name": "Moss Gnome",
    "hp": 5,
    "mp": 7,
    "level": [
      1,
      5
    ],
    "stats": {
      "attack": [
        2,
        3
      ]
    },
    "gold": 5,
    "xp": 2,
    "items": [
      {
        "name": "Mossy Shroom",
        "chance": 50,
        "quantity": [
          1,
          3
        ]
      }
    ],
    "attackSound": "slice",
    "attackVerb": "bites"
  },
  {
    "name": "Mud Golem",
    "hp": 20,
    "mp": 20,
    "level": [
      6,
      11
    ],
    "stats": {
      "attack": [
        3,
        5
      ],
      "armor": 5
    },
    "gold": 14,
    "xp": 10,
    "items": [
      {
        "name": "Pure Earth Water",
        "chance": 45,
        "quantity": [
          1,
          2
        ]
      }
    ],
    "attackSound": "slice",
    "attackVerb": "punches"
  },
  {
    "name": "Tree Man",
    "hp": 25,
    "mp": 2,
    "level": [
      7,
      11
    ],
    "stats": {
      "attack": [
        3,
        5
      ],
      "armor": 6
    },
    "gold": 22,
    "xp": 12,
    "items": [
      {
        "name": "Rotted Oak",
        "chance": 50,
        "quantity": [
          1,
          2
        ]
      },
      {
        "name": "Bottle of Sap",
        "chance": 25,
        "quantity": [
          2,
          4
        ]
      }
    ],
    "attackSound": "slice",
    "attackVerb": "slashes"
  },
  {
    "name": "Wood Bat",
    "hp": 5,
    "mp": 2,
    "level": [
      1,
      5
    ],
    "stats": {
      "attack": [
        2,
        3
      ]
    },
    "gold": 5,
    "xp": 2,
    "items": null,
    "attackSound": "slice",
    "attackVerb": "bites"
  }
]